insert into public.lessons (id, title, level, description, note)
values  (4, 'Daily Activities', 'A2', 'Научимся говорить о том, что ты делаешь каждый день. Это глаголы в настоящем времени (Present Simple).

*Основные глаголы:*
`- Wake up` — Просыпаться
`- Eat` — Есть
`- Go` — Идти/Ехать
`- Work` — Работать
`- Sleep` — Спать`

*Объяснение:*
В Present Simple для `I/You/We/They` глагол не меняется, а для `He/She/It` добавляется `-s`. Например: `I eat`, но `She eats`.

*Примеры:*
> I wake up at 7:00. — *Я просыпаюсь в 7:00.*
> He goes to school every day. — *Он ходит в школу каждый день.*
> We eat breakfast together. — *Мы едим завтрак вместе.*

*Полезно знать:* Чтобы сказать "каждый день", используй `every day`.', 'Не забудь -s для He/She/It!'),
        (5, 'Colors', 'A1', 'Цвета важны для описания вещей вокруг нас. Давай выучим основные!

*Список цветов:*
`- Red` — Красный
`- Blue` — Синий
`- Green` — Зелёный
`- Yellow` — Жёлтый
`- Black` — Чёрный
`- White` — Белый`

*Объяснение:*
Цвета можно использовать с существительными: `a red car` (красная машина). Слово `a` — это артикль, он нужен перед предметом.

*Примеры:*
> The sky is blue. — *Небо синее.*
> I like yellow flowers. — *Мне нравятся жёлтые цветы.*
> Her dress is black. — *Её платье чёрное.*

*Интересно:* В английском нет разницы между "синий" и "голубой" — оба `blue`!', 'Ставь a перед цветом и предметом: a green apple.'),
        (6, 'Asking Questions', 'A2', 'Научимся задавать вопросы с помощью слов `What`, `Where`, `When`.

*Вопросительные слова:*
`- What` — Что/Какой
`- Where` — Где
`- When` — Когда

*Объяснение:*
Вопрос начинается с вопросительного слова, затем идет глагол `to be` или вспомогательный `do`, а потом подлежащее. Например: `Where are you?` или `What do you like?`.

*Примеры:*
> What is your name? — *Как тебя зовут?*
> Where do you live? — *Где ты живёшь?*
> When do you sleep? — *Когда ты спишь?*

*Полезно:* Если ответ — да/нет, используй `Do you…?` (Например: `Do you like tea?`).', 'Ставь do перед подлежащим в вопросах с глаголами действия.'),
        (7, 'Family', 'A1', 'Слова о семье помогут рассказать о близких людях.

*Слова:*
`- Mother` — Мама
`- Father` — Папа
`- Brother` — Брат
`- Sister` — Сестра
`- Parents` — Родители

*Объяснение:*
Чтобы сказать, что кто-то твой родственник, используй `My`: `My mother is…`. Для вопросов используй `Do you have…?` — *У тебя есть…?*

*Примеры:*
> My father is tall. — *Мой папа высокий.*
> Do you have a sister? — *У тебя есть сестра?*
> I have two brothers. — *У меня два брата.*

*Интересно:* `Parents` — это всегда во множественном числе!', 'Используй My перед членами семьи.'),
        (8, 'Food and Drinks', 'A2', 'Научимся говорить о том, что мы едим и пьём.

*Слова:*
`- Water` — Вода
`- Tea` — Чай
`- Bread` — Хлеб
`- Apple` — Яблоко
`- Milk` — Молоко

*Объяснение:*
Для предпочтений используй `I like…` или `I don’t like…`. Чтобы спросить, используй `Do you like…?`.

*Примеры:*
> I like tea. — *Мне нравится чай.*
> Do you like apples? — *Тебе нравятся яблоки?*
> She doesn’t like milk. — *Ей не нравится молоко.*

*Полезно:* Если еда во множественном числе, добавляй `-s`: `apples`, но `bread` всегда без -s.', 'Не ставь -s к uncountable nouns вроде water!'),
        (1, 'Basic Greetings', 'A1', 'Давай учить простые приветствия и прощания на английском!
Эти фразы пригодятся в повседневных разговорах.

*Ключевые фразы:*
`- Hello` — Привет
`- Hi there` — Приветик
`- Goodbye` — Пока
`- See you later` — Увидимся позже

*Примеры:*
> Hello, how are you? — *Привет, как дела?*
> See you later, have a great day! — *Увидимся позже, хорошего дня!*', 'Use Hi there for a friendly tone.'),
        (2, 'Introductions', 'A1', 'Этот урок поможет тебе научиться представляться и спрашивать имена других людей. Знакомство — это первый шаг к общению!

*Основные фразы:*
`- My name is…` — Меня зовут…
`- I’m…` — Я…
`- What’s your name?` — Как тебя зовут?
`- Nice to meet you!` — Приятно познакомиться!

*Объяснение:*
Представляться можно двумя способами: формально (`My name is…`) или неформально (`I’m…`). После того как кто-то назвал своё имя, принято говорить `Nice to meet you!` для вежливости.

*Примеры:*
> My name is Anna. What’s your name? — *Меня зовут Анна. Как тебя зовут?*
> I’m Peter. Nice to meet you! — *Я Питер. Приятно познакомиться!*
> What’s your name? — I’m Kate. — *Как тебя зовут? — Я Кейт.*

*Полезный совет:* Если ты не расслышал имя, скажи: `Sorry, what’s your name again?` — *Простите, как вас зовут ещё раз?*', 'Используй I’m для неформального общения.'),
        (3, 'Numbers 1-10', 'A1', 'Давай выучим числа от 1 до 10 на английском! Они пригодятся для счета, времени и многого другого.

*Список чисел:*
`- 1 — One`
`- 2 — Two`
`- 3 — Three`
`- 4 — Four`
`- 5 — Five`
`- 6 — Six`
`- 7 — Seven`
`- 8 — Eight`
`- 9 — Nine`
`- 10 — Ten`

*Объяснение:*
Числа в английском произносятся по-разному, и важно запомнить их написание и звучание. Например, `three` (3) и `tree` (дерево) звучат похоже, но пишутся по-разному — это называется омофоны.

*Примеры:*
> I have two cats. — *У меня две кошки.*
> She is seven years old. — *Ей семь лет.*
> There are ten books on the table. — *На столе десять книг.*

*Упражнение:* Попробуй посчитать от 1 до 10 вслух!', 'Запомни, что 3 — это three, а не tree!'),
        (9, 'Time', 'A2', 'Научимся спрашивать и говорить, который час.

*Основные фразы:*
`- What time is it?` — Который час?
`- It’s one o’clock.` — Час дня.
`- It’s half past two.` — Половина третьего.
`- It’s quarter to three.` — Без четверти три.

*Объяснение:*
`O’clock` — это ровно час. `Half past` — половина после часа. `Quarter to` — 15 минут до следующего часа.

*Примеры:*
> What time is it? — It’s five o’clock. — *Который час? — Пять часов.*
> It’s half past seven. — *Половина восьмого.*
> It’s quarter to ten. — *Без четверти десять.*

*Совет:* Используй `at` для указания времени: `I wake up at six o’clock.`', 'Half past = 30 минут после часа.'),
        (10, 'Weather', 'A2', 'Поговорим о погоде — это популярная тема для разговоров!

*Слова и фразы:*
`- Sunny` — Солнечно
`- Rainy` — Дождливо
`- Cold` — Холодно
`- Hot` — Жарко
`- It’s … today.` — Сегодня …

*Объяснение:*
Чтобы описать погоду, используй `It’s` + прилагательное. Для вопроса: `What’s the weather like?` — *Какая сегодня погода?*

*Примеры:*
> It’s sunny today. — *Сегодня солнечно.*
> What’s the weather like? — It’s cold. — *Какая погода? — Холодно.*
> It’s rainy and windy. — *Дождливо и ветрено.*

*Интересно:* Можно комбинировать: `It’s cold and rainy.`', 'Добавляй and для нескольких описаний.'),
        (18, 'Reported Speech', 'C2', 'Как пересказывать чужие слова.

- *Прямая речь → Косвенная:*
  *He said, "I’m tired."* — *He said that he was tired.* — *Он сказал, что устал.*
  *She asked, "Are you coming?"* — *She asked if I was coming.* — *Она спросила, приду ли я.*

*Правила:*
- Времена сдвигаются назад: *am → was*, *will → would*.
- Вопросы: `if/whether` + обычный порядок слов.

*Практика с переводом:*
> *"I’ll call you," he said.* — *He said that he would call me.* — *Он сказал, что позвонит мне.*
> *"Where are you?" she asked.* — *She asked where I was.* — *Она спросила, где я.*', 'Следи за временами и убирай кавычки.'),
        (19, 'Inversion for Emphasis', 'C2', 'Инверсия — для усиления смысла в речи.

- *Обычно:* *I have never seen such a view.* — *Я никогда не видел такого вида.*
- *С инверсией:* *Never have I seen such a view.* — *Никогда я не видел такого вида.*

*Правила:*
- После *never, rarely, hardly*: `вспомогательный глагол + подлежащее + основной глагол`.
- Пример: *Rarely does she miss a class.* — *Редко она пропускает занятия.*

*Практика с переводом:*
> *Hardly had I arrived when it started raining.* — *Едва я приехал, как начался дождь.*
> *Not only did he win, but he also set a record.* — *Он не только победил, но и установил рекорд.*', 'Инверсия — для эмоций и драматизма.'),
        (20, 'Idioms About Time', 'C2', 'Идиомы о времени для продвинутой речи.

- *In the nick of time* — В последний момент: *He arrived in the nick of time.* — *Он приехал в последний момент.*
- *Time flies* — Время летит: *Time flies when you’re having fun.* — *Время летит, когда тебе весело.*
- *Beat the clock* — Успеть вовремя: *We beat the clock to finish.* — *Мы успели закончить вовремя.*
- *Once in a blue moon* — Очень редко: *I see her once in a blue moon.* — *Я вижу её очень редко.*

*Практика с переводом:*
> *We finished just in the nick of time.* — *Мы закончили прямо в последний момент.*
> *Time flies when I study English.* — *Время летит, когда я учу английский.*', 'Идиомы добавляют колорит, используй их уместно!'),
        (11, 'Past Simple vs Present Perfect', 'B1', 'Разберём, чем отличается *Past Simple* (прошедшее завершённое) от *Present Perfect* (опыт или результат сейчас).

- *Past Simple*: Про действия, законченные в прошлом с точным временем.
  Формула: `I/You/He + прошедшая форма глагола` (worked, ate).
  Пример: *I visited London in 2019.* — *Я посетил Лондон в 2019.*

- *Present Perfect*: Про опыт или связь с настоящим.
  Формула: `I/You/He + have/has + причастие прошедшего времени` (have worked, has eaten).
  Пример: *I have just finished this lesson.* — *Я только что закончил этот урок.*

*Ключевые слова:*
- Past Simple: yesterday, last week, in 2020.
- Present Perfect: ever, never, just, already, yet.

*Практика с переводом:*
> *She worked there last year.* — *Она работала там в прошлом году.* (Past Simple)
> *She has worked here for 3 years.* — *Она работает здесь уже 3 года.* (Present Perfect)', 'Если есть "когда" — Past Simple, если "уже" или "ещё" — Present Perfect.'),
        (12, 'Phrasal Verbs for Everyday Life', 'B1', 'Фразовые глаголы — это глагол + предлог, меняющий смысл. Учим те, что пригодятся каждый день!

- *Turn off* — Выключать: *Turn off the lights.* — *Выключи свет.*
- *Pick up* — Забирать/Поднимать: *I’ll pick up the kids.* — *Я заберу детей.*
- *Run out* — Закончиться: *We’ve run out of milk.* — *У нас закончилось молоко.*
- *Look after* — Присматривать: *She looks after my dog.* — *Она присматривает за моей собакой.*

*Практика с переводом:*
> *Can you turn off the TV?* — *Можешь выключить телевизор?*
> *He picked up a new skill.* — *Он освоил новый навык.*', 'Запоминай фразовые глаголы с ситуациями, так проще!'),
        (13, 'Conditionals (Zero and First)', 'B2', 'Условные предложения — это "если". Изучим Zero и First Conditional.

- *Zero Conditional*: Факты, которые всегда верны.
  Формула: `If + настоящее время, настоящее время`.
  Пример: *If it rains, I stay home.* — *Если идёт дождь, я остаюсь дома.*

- *First Conditional*: Возможное будущее.
  Формула: `If + настоящее время, will + глагол`.
  Пример: *If you study, you’ll pass.* — *Если будешь учиться, сдашь.*

*Практика с переводом:*
> *If I heat water, it boils.* — *Если я нагреваю воду, она закипает.* (Zero)
> *If she calls, I’ll answer.* — *Если она позвонит, я отвечу.* (First)', 'Zero — это правда, First — это планы или условия.'),
        (14, 'Modal Verbs of Obligation', 'B2', 'Модальные глаголы показывают обязанность, необходимость или совет.

- *Must* — Должен (строгое правило): *You must wear a seatbelt.* — *Ты должен пристегнуть ремень.*
- *Have to* — Надо (внешняя необходимость): *I have to finish this.* — *Мне надо это закончить.*
- *Should* — Следует (совет): *You should rest.* — *Тебе следует отдохнуть.*

*Практика с переводом:*
> *She must study for the exam.* — *Она должна учиться к экзамену.*
> *We have to be on time.* — *Нам надо быть вовремя.*', 'Must — личное, have to — вынужденное, should — мягче.'),
        (15, 'Talking About Plans', 'B2', 'Как говорить о планах на будущее?

- *Going to* — Намерения: *I’m going to visit my friend.* — *Я собираюсь навестить друга.*
- *Present Continuous* — Точные планы: *We’re meeting at 6.* — *Мы встречаемся в 6.*
- *Will* — Решение в момент речи: *I’ll call you later.* — *Я позвоню тебе позже.*

*Практика с переводом:*
> *She’s going to travel next month.* — *Она собирается путешествовать в следующем месяце.*
> *We’re having dinner tonight.* — *Мы ужинаем сегодня вечером.*', 'Going to — задумка, Present Continuous — уже решено.'),
        (16, 'Second and Third Conditionals', 'C1', 'Условные предложения для нереального.

- *Second Conditional*: Нереальное сейчас или в будущем.
  Формула: `If + прошедшее время, would + глагол`.
  Пример: *If I were rich, I would travel.* — *Если бы я был богат, я бы путешествовал.*

- *Third Conditional*: Нереальное прошлое.
  Формула: `If + had + причастие, would have + причастие`.
  Пример: *If she had studied, she would have passed.* — *Если бы она училась, она бы сдала.*

*Практика с переводом:*
> *If I knew her number, I’d call her.* — *Если бы я знал её номер, я бы позвонил.* (Second)
> *If we had left earlier, we wouldn’t have missed it.* — *Если бы мы вышли раньше, мы бы не опоздали.* (Third)', 'Second — фантазии, Third — о прошлом с сожалением.'),
        (17, 'Advanced Phrasal Verbs', 'C1', 'Сложные фразовые глаголы для беглой речи.

- *Put up with* — Терпеть: *I can’t put up with this noise.* — *Я не могу терпеть этот шум.*
- *Come across* — Наткнуться: *I came across an old book.* — *Я наткнулся на старую книгу.*
- *Back up* — Поддерживать: *She backed me up in the meeting.* — *Она поддержала меня на встрече.*
- *Run into* — Столкнуться: *I ran into an old friend.* — *Я столкнулся со старым другом.*

*Практика с переводом:*
> *He came across a rare coin.* — *Он наткнулся на редкую монету.*
> *We’ll back you up.* — *Мы тебя поддержим.*', 'Слушай носителей, чтобы уловить их в речи!');

insert into public.tests (id, lesson_id, question, correct_option)
values  (2, 2, 'Что нужно сказать, чтобы представиться неформально?', 'I’m John.'),
        (5, 3, 'Какое число переводится как "Five"?', '5'),
        (6, 3, 'Найди правильное написание числа 8:', 'Eight'),
        (7, 3, 'Как сказать "У меня три друга" на английском?', 'I have three friends.'),
        (8, 4, 'Что нужно сказать, если ты просыпаешься в 8 утра?', 'I wake up at 8:00.'),
        (9, 4, 'Какой глагол пропущен? > *"She … to work every day."*', 'goes'),
        (10, 4, 'Как переводится "We sleep at night"?', 'Мы спим ночью.'),
        (11, 5, 'Какой цвет переводится как "Зелёный"?', 'Green'),
        (12, 5, 'Что должно быть вместо точек? > *"The cat is …"* (чёрный)', 'black'),
        (13, 5, 'Найди правильное предложение:', 'I have a red ball.'),
        (14, 6, 'Как спросить "Где ты работаешь?"', 'Where do you work?'),
        (15, 6, 'Какое слово пропущено? > *"… is your favorite color?"*', 'What'),
        (16, 6, 'Как переводится "When do you eat?"', 'Когда ты ешь?'),
        (17, 7, 'Как сказать "У меня есть брат"?', 'I have a brother.'),
        (18, 7, 'Кто такие "parents"?', 'Мама и папа'),
        (19, 7, 'Найди правильное написание:', 'Sister'),
        (20, 8, 'Как сказать "Мне нравится вода"?', 'I like water.'),
        (21, 8, 'Что должно быть вместо точек? > *"Do you like …?"* (хлеб)', 'bread'),
        (22, 8, 'Как переводится "He likes milk"?', 'Ему нравится молоко.'),
        (23, 9, 'Как спросить "Который час"?', 'What time is it?'),
        (24, 9, 'Как сказать "Половина пятого"?', 'It’s half past four.'),
        (25, 9, 'Что значит "It’s quarter to six"?', 'Без четверти шесть.'),
        (26, 10, 'Как сказать "Сегодня жарко"?', 'It’s hot today.'),
        (27, 10, 'Что спросить, чтобы узнать о погоде?', 'What’s the weather like?'),
        (28, 10, 'Как переводится "It’s sunny"?', 'Солнечно.'),
        (1, 1, 'Как переводится фраза
> *See you later*', 'Увидимся позже'),
        (3, 2, 'Как переводится фраза
> *"Nice to meet you!"*?', 'Приятно познакомиться!'),
        (4, 2, 'Что должно быть вместо точек?
> *"… your name?"*', 'What’s'),
        (29, 11, 'Что правильно?
> *"I ___ to Paris last summer."*', 'went'),
        (30, 11, 'Что выбрать?
> *"Have you ever ___ sushi?"*', 'eaten'),
        (31, 11, 'Как переводится: *"She has just left."*', 'Она только что ушла.'),
        (32, 11, 'Что подходит?
> *"He ___ here since 2015."*', 'has lived'),
        (33, 11, 'Когда используется Past Simple?', 'Для действий с точным временем в прошлом.'),
        (34, 12, 'Что значит "turn off"?', 'Выключать'),
        (35, 12, 'Как сказать: "Я заберу посылку"?', 'I’ll pick up the package.'),
        (36, 12, 'Что пропущено?
> *"We’ve ___ out of coffee."*', 'run'),
        (37, 12, 'Перевод: *"She looks after her sister."*', 'Она присматривает за своей сестрой.'),
        (38, 12, 'Какой фразовый глагол для "закончиться"?', 'Run out'),
        (39, 13, 'Что правильно?
> *"If it ___ cold, I wear a jacket."*', 'is'),
        (40, 13, 'Что выбрать?
> *"If you ___ hard, you’ll succeed."*', 'work'),
        (41, 13, 'Перевод: *"If I miss the bus, I’ll be late."*', 'Если я опоздаю на автобус, я опоздаю.'),
        (42, 13, 'Какой тип?
> *"If the sun shines, we go out."*', 'Zero Conditional'),
        (43, 13, 'Что ставим после "if" в First Conditional?', 'Настоящее время'),
        (44, 14, 'Что значит "must"?', 'Должен (строго)'),
        (45, 14, 'Что пропущено?
> *"You ___ to wear a helmet here."*', 'have'),
        (46, 14, 'Перевод: *"He should call her."*', 'Ему следует позвонить ей.'),
        (47, 14, 'Какой глагол для совета?', 'Should'),
        (48, 14, 'Что выбрать?
> *"I ___ finish this today."*', 'have to'),
        (49, 15, 'Что правильно?
> *"I ___ to study tonight."*', 'am going'),
        (50, 15, 'Перевод: *"We’re watching a movie later."*', 'Мы смотрим фильм позже.'),
        (51, 15, 'Что выбрать?
> *"He ___ you tomorrow."*', 'will call'),
        (52, 15, 'Когда используется Present Continuous?', 'Для точных планов.'),
        (53, 15, 'Что подходит?
> *"I ___ help you now."*', 'will'),
        (54, 16, 'Что правильно?
> *"If I ___ taller, I’d play basketball."*', 'were'),
        (55, 16, 'Что выбрать?
> *"If he ___ harder, he would have won."*', 'had worked'),
        (56, 16, 'Перевод: *"If I had known, I’d have told you."*', 'Если бы я знал, я бы сказал тебе.'),
        (57, 16, 'Какой тип?
> *"If she were here, she’d help."*', 'Second Conditional'),
        (58, 16, 'Что ставим после "if" в Third Conditional?', 'had + причастие'),
        (59, 17, 'Что значит "put up with"?', 'Терпеть'),
        (60, 17, 'Что пропущено?
> *"I ___ across this photo yesterday."*', 'came'),
        (61, 17, 'Перевод: *"She ran into her boss."*', 'Она столкнулась со своим начальником.'),
        (62, 17, 'Какой глагол для "поддерживать"?', 'Back up'),
        (63, 17, 'Что выбрать?
> *"I can’t ___ up with the heat."*', 'put'),
        (64, 18, 'Что правильно?
> *"She said, ''I’m happy.''"*', 'She said that she was happy.'),
        (65, 18, 'Перевод в косвенную: *"He asked, ''Do you know her?''"*', 'He asked if I knew her.'),
        (66, 18, 'Что пропущено?
> *"I told her that I ___ late."*', 'would be'),
        (67, 18, 'Что меняется?
> *"I will go" → Reported Speech"*', 'He said that he would go.'),
        (68, 18, 'Что добавляем для вопросов?', 'if или whether'),
        (69, 19, 'Что правильно?
> *"___ have I been so tired."*', 'Never'),
        (70, 19, 'Перевод в инверсию: *"She rarely speaks loudly."*', 'Rarely does she speak loudly.'),
        (71, 19, 'Что пропущено?
> *"Hardly ___ I finished when he called."*', 'had'),
        (72, 19, 'Зачем нужна инверсия?', 'Для усиления смысла.'),
        (73, 19, 'Что выбрать?
> *"Not only ___ she sing, but she dances too."*', 'does'),
        (74, 20, 'Что значит "time flies"?', 'Время летит.'),
        (75, 20, 'Что пропущено?
> *"She arrived ___ the nick of time."*', 'in'),
        (76, 20, 'Перевод: *"I beat the clock to submit it."*', 'Я успел сдать это вовремя.'),
        (77, 20, 'Какая идиома для "очень редко"?', 'Once in a blue moon'),
        (78, 20, 'Что выбрать?
> *"___ flies when you’re busy."*', 'Time');

insert into public.test_options (test_id, option)
values  (1, 'Пока'),
        (1, 'Привет!'),
        (1, 'Как дела?'),
        (2, 'My name is John.'),
        (2, 'I’m John.'),
        (2, 'What’s your name?'),
        (3, 'До свидания!'),
        (3, 'Привет!'),
        (3, 'Приятно познакомиться!'),
        (4, 'How’s'),
        (4, 'What’s'),
        (4, 'I’m'),
        (5, '4'),
        (5, '5'),
        (5, '6'),
        (6, 'Eigth'),
        (6, 'Eight'),
        (6, 'Aight'),
        (7, 'I have three friends.'),
        (7, 'I have tree friends.'),
        (7, 'I have four friends.'),
        (8, 'I wake up at 8:00.'),
        (8, 'I wakes up at 8:00.'),
        (8, 'I go at 8:00.'),
        (9, 'go'),
        (9, 'goes'),
        (9, 'going'),
        (10, 'Мы спим ночью.'),
        (10, 'Мы идем ночью.'),
        (10, 'Мы едим ночью.'),
        (11, 'Red'),
        (11, 'Green'),
        (11, 'Yellow'),
        (12, 'blue'),
        (12, 'black'),
        (12, 'white'),
        (13, 'I have a red ball.'),
        (13, 'I have red ball.'),
        (13, 'I have a ball red.'),
        (14, 'Where you work?'),
        (14, 'Where do you work?'),
        (14, 'What do you work?'),
        (15, 'Where'),
        (15, 'What'),
        (15, 'When'),
        (16, 'Где ты ешь?'),
        (16, 'Когда ты ешь?'),
        (16, 'Что ты ешь?'),
        (17, 'I have a brother.'),
        (17, 'I has a brother.'),
        (17, 'My brother have.'),
        (18, 'Брат и сестра'),
        (18, 'Мама и папа'),
        (18, 'Дети'),
        (19, 'Syster'),
        (19, 'Sister'),
        (19, 'Sistar'),
        (20, 'I like water.'),
        (20, 'I like waters.'),
        (20, 'I likes water.'),
        (21, 'breads'),
        (21, 'bread'),
        (21, 'apple'),
        (22, 'Ему нравится чай.'),
        (22, 'Ему нравится молоко.'),
        (22, 'Он не любит молоко.'),
        (23, 'What time is it?'),
        (23, 'What is the time?'),
        (23, 'When is it?'),
        (24, 'It’s half past four.'),
        (24, 'It’s four half.'),
        (24, 'It’s quarter to five.'),
        (25, 'Половина шестого.'),
        (25, 'Без четверти шесть.'),
        (25, 'Шесть часов.'),
        (26, 'It’s hot today.'),
        (26, 'It’s hotly today.'),
        (26, 'Today is hot.'),
        (27, 'What’s the weather like?'),
        (27, 'How is the weather?'),
        (27, 'What time is it?'),
        (28, 'Дождливо.'),
        (28, 'Солнечно.'),
        (28, 'Холодно.'),
        (1, 'Увидимся позже'),
        (41, 'Если я пропущу автобус, я опоздаю.'),
        (41, 'Если я пропустил, я опоздаю.'),
        (29, 'went'),
        (29, 'have gone'),
        (29, 'go'),
        (30, 'eat'),
        (30, 'eaten'),
        (30, 'ate'),
        (31, 'Она только что ушла.'),
        (31, 'Она ушла вчера.'),
        (31, 'Она уходит.'),
        (32, 'lived'),
        (32, 'has lived'),
        (32, 'lives'),
        (33, 'Для действий с точным временем в прошлом.'),
        (33, 'Для опыта без времени.'),
        (33, 'Для текущих действий.'),
        (34, 'Выключать'),
        (34, 'Включать'),
        (34, 'Поднимать'),
        (35, 'I’ll pick up the package.'),
        (35, 'I’ll turn off the package.'),
        (35, 'I’ll run out the package.'),
        (36, 'run'),
        (36, 'pick'),
        (36, 'look'),
        (37, 'Она присматривает за своей сестрой.'),
        (37, 'Она выключает свою сестру.'),
        (37, 'Она забирает свою сестру.'),
        (38, 'Run out'),
        (38, 'Turn off'),
        (38, 'Pick up'),
        (39, 'is'),
        (39, 'will be'),
        (39, 'be'),
        (40, 'work'),
        (40, 'will work'),
        (40, 'worked'),
        (41, 'Я опоздаю на автобус.'),
        (42, 'Zero Conditional'),
        (42, 'First Conditional'),
        (42, 'Past Conditional'),
        (43, 'Настоящее время'),
        (43, 'Будущее время'),
        (43, 'Прошедшее время'),
        (44, 'Должен (строго)'),
        (44, 'Надо'),
        (44, 'Следует'),
        (45, 'must'),
        (45, 'have'),
        (45, 'should'),
        (46, 'Ему следует позвонить ей.'),
        (46, 'Он должен ей позвонить.'),
        (46, 'Ему надо ей позвонить.'),
        (47, 'Should'),
        (47, 'Must'),
        (47, 'Have to'),
        (48, 'must'),
        (48, 'have to'),
        (48, 'should'),
        (49, 'am going'),
        (49, 'will'),
        (49, 'go'),
        (50, 'Мы смотрим фильм позже.'),
        (50, 'Мы собираемся смотреть фильм.'),
        (50, 'Мы посмотрим фильм.'),
        (51, 'will call'),
        (51, 'is going to call'),
        (51, 'calls'),
        (52, 'Для точных планов.'),
        (52, 'Для намерений.'),
        (52, 'Для спонтанных решений.'),
        (53, 'will'),
        (53, 'am going to'),
        (53, 'am helping'),
        (54, 'were'),
        (54, 'am'),
        (54, 'would be'),
        (55, 'worked'),
        (55, 'had worked'),
        (55, 'works'),
        (56, 'Если бы я знал, я бы сказал тебе.'),
        (56, 'Я знал и сказал тебе.'),
        (56, 'Если я знаю, я скажу.'),
        (57, 'Second Conditional'),
        (57, 'Third Conditional'),
        (57, 'First Conditional'),
        (58, 'had + причастие'),
        (58, 'прошедшее время'),
        (58, 'будущее время'),
        (59, 'Терпеть'),
        (59, 'Наткнуться'),
        (59, 'Поддерживать'),
        (60, 'came'),
        (60, 'put'),
        (60, 'ran'),
        (61, 'Она столкнулась со своим начальником.'),
        (61, 'Она терпела своего начальника.'),
        (61, 'Она поддержала своего начальника.'),
        (62, 'Back up'),
        (62, 'Run into'),
        (62, 'Come across'),
        (63, 'put'),
        (63, 'come'),
        (63, 'back'),
        (64, 'She said that she was happy.'),
        (64, 'She said that she is happy.'),
        (64, 'She says she was happy.'),
        (65, 'He asked if I knew her.'),
        (65, 'He asked do I know her.'),
        (65, 'He said I knew her.'),
        (66, 'would be'),
        (66, 'am'),
        (66, 'was'),
        (67, 'He said that he would go.'),
        (67, 'He said that he will go.'),
        (67, 'He says he went.'),
        (68, 'if или whether'),
        (68, 'that'),
        (68, 'when'),
        (69, 'Never'),
        (69, 'Always'),
        (69, 'Sometimes'),
        (70, 'Rarely does she speak loudly.'),
        (70, 'She rarely does speak loudly.'),
        (70, 'Rarely she speaks loudly.'),
        (71, 'had'),
        (71, 'did'),
        (71, 'have'),
        (72, 'Для усиления смысла.'),
        (72, 'Для вопросов.'),
        (72, 'Для простоты.'),
        (73, 'does'),
        (73, 'is'),
        (73, 'has'),
        (74, 'Время летит.'),
        (74, 'Время заканчивается.'),
        (74, 'Время тянется.'),
        (75, 'in'),
        (75, 'at'),
        (75, 'on'),
        (76, 'Я успел сдать это вовремя.'),
        (76, 'Я победил часы.'),
        (76, 'Я сдал это редко.'),
        (77, 'Once in a blue moon'),
        (77, 'Time flies'),
        (77, 'Beat the clock'),
        (78, 'Time'),
        (78, 'Clock'),
        (78, 'Moment');